{
  "parent": "skyblock:progression/go_down",
  "display": {
    "icon": {
      "item": "minecraft:bow"
    },
    "title": {
      "translate": "Beware of Knockback"
    },
    "description": {
      "translate": "Kill a Skeleton for its Bones"
    }
  },
  "criteria": {
    "kill_skeleton": {
      "trigger": "minecraft:player_killed_entity",
      "conditions": {
        "entity": [
          {
            "condition": "minecraft:entity_properties",
            "entity": "this",
            "predicate": {
              "type": "minecraft:skeleton"
            }
          }
        ]
      }
    }
  }
}
