{
  "parent": "skyblock:progression/cobblestone",
  "display": {
    "icon": {
      "item": "minecraft:diamond_ore"
    },
    "title": {
      "translate": "Decorative Ores"
    },
    "description": {
      "translate": "Craft an Ore in a Smithing Table"
    },
    "frame": "goal"
  },
  "criteria": {
    "has_ore": {
      "trigger": "minecraft:inventory_changed",
      "conditions": {
        "items": [
          {
            "items": [
              "minecraft:coal_ore",
              "minecraft:deepslate_coal_ore",
              "minecraft:copper_ore",
              "minecraft:deepslate_copper_ore",
              "minecraft:diamond_ore",
              "minecraft:deepslate_diamond_ore",
              "minecraft:emerald_ore",
              "minecraft:deepslate_emerald_ore",
              "minecraft:gold_ore",
              "minecraft:deepslate_gold_ore",
              "minecraft:nether_gold_ore",
              "minecraft:iron_ore",
              "minecraft:deepslate_iron_ore",
              "minecraft:lapis_ore",
              "minecraft:deepslate_lapis_ore",
              "minecraft:redstone_ore",
              "minecraft:deepslate_redstone_ore",
              "minecraft:nether_quartz_ore"
            ]
          }
        ]
      }
    }
  }
}
