{
  "parent": "skyblock:progression/log",
  "display": {
    "icon": {
      "item": "minecraft:oak_sapling"
    },
    "title": {
      "translate": "The Circle of Life"
    },
    "description": {
      "translate": "Get your first Oak Sapling to grow another tree"
    }
  },
  "criteria": {
    "has_oak_sapling": {
      "trigger": "minecraft:inventory_changed",
      "conditions": {
        "items": [
          {
            "items": [
              "minecraft:oak_sapling"
            ]
          }
        ]
      }
    }
  }
}
